"store","websites","attribute_set","type","category_ids","sku","has_options","price","cost","weight","special_price","msrp","name","meta_title","meta_description","image","small_image","gallery","url_key","thumbnail","gift_message_available","url_path","custom_design","options_container","page_layout","country_of_manufacture","msrp_enabled","msrp_display_actual_price_type","injury_type","description","meta_keyword","short_description","custom_layout_update","manufacturer","color","status","tax_class_id","visibility","enable_googlecheckout","is_recurring","material","size","special_from_date","special_to_date","custom_design_from","custom_design_to","news_from_date","news_to_date","qty","min_qty","use_config_min_qty","is_qty_decimal","backorders","use_config_backorders","min_sale_qty","use_config_min_sale_qty","max_sale_qty","use_config_max_sale_qty","is_in_stock","low_stock_date","notify_stock_qty","use_config_notify_stock_qty","manage_stock","use_config_manage_stock","stock_status_changed_auto","use_config_qty_increments","qty_increments","use_config_enable_qty_inc","enable_qty_increments","is_decimal_divided","stock_status_changed_automatically","use_config_enable_qty_increments","product_name","store_id","product_type_id","product_status_changed","product_changed_websites","related","upsell","crosssell","tier_prices",,,,,,,,,"small_image_label","thumbnail_label"
"admin","base","Default","simple","22,10","209.L",0,"29.99","15.5",200,,"29.99","Mueller Soccer Ankle Brace, Black","Mueller Soccer Ankle Brace, Black","Mueller Soccer Ankle Brace, Black - Designed by a European soccer specialist for speed, flexibility, strength, and comfort.","209.jpg","209.jpg",,"soccer-ankle-brace-mueller-L","209.jpg","No",,,"Product Info Column","No layout updates"," ","Use config","Use config","Muscular","Soccer Ankle Brace Designed by a European soccer specialist for speed, flexibility, strength, and comfort. Leaves front of of foot free for movement while protecting against inversion/eversion sprains. Excellent for soccer, racquet sports, running, wrestling, gymnastics, and cheerleading. High front cut and narrow bottom allow full foot mobility High back cut allows better fit in soccer shoes Comfort Windows? single layer of fabric over ankle bones for more comfort Protects against sprains with flexible steel support springs Achilles tendon comfort from full elastic back",,"Soccer Ankle Brace Designed by a European soccer specialist for speed, flexibility, strength, and comfort. Leaves front of of foot free for movement while protecting against inversion/eversion sprains. Excellent for soccer, racquet sports, running, wrestling, gymnastics, and cheerleading. High front cut and narrow bottom allow full foot mobility High back cut allows better fit in soccer shoes Comfort Windows? single layer of fabric over ankle bones for more comfort Protects against sprains with flexible steel support springs Achilles tendon comfort from full elastic back",,"Mueller","Black","Enabled","Taxable Goods",,"Yes","No","various","L",,,,,,,99,0,1,0,0,1,1,1,0,1,1,,0,1,1,0,0,1,0,1,0,0,0,1,"Mueller Soccer Ankle Brace, Black",0,"simple",,,,,,,,,,,,,,,,
"admin","base","Default","simple","22,10","209.M",0,"29.99","15.5",200,,"29.99","Mueller Soccer Ankle Brace, Black","Mueller Soccer Ankle Brace, Black","Mueller Soccer Ankle Brace, Black - Designed by a European soccer specialist for speed, flexibility, strength, and comfort.","209.jpg","209.jpg",,"soccer-ankle-brace-mueller-M","209.jpg","No",,,"Product Info Column","No layout updates"," ","Use config","Use config","Muscular","Soccer Ankle Brace Designed by a European soccer specialist for speed, flexibility, strength, and comfort. Leaves front of of foot free for movement while protecting against inversion/eversion sprains. Excellent for soccer, racquet sports, running, wrestling, gymnastics, and cheerleading. High front cut and narrow bottom allow full foot mobility High back cut allows better fit in soccer shoes Comfort Windows? single layer of fabric over ankle bones for more comfort Protects against sprains with flexible steel support springs Achilles tendon comfort from full elastic back",,"Soccer Ankle Brace Designed by a European soccer specialist for speed, flexibility, strength, and comfort. Leaves front of of foot free for movement while protecting against inversion/eversion sprains. Excellent for soccer, racquet sports, running, wrestling, gymnastics, and cheerleading. High front cut and narrow bottom allow full foot mobility High back cut allows better fit in soccer shoes Comfort Windows? single layer of fabric over ankle bones for more comfort Protects against sprains with flexible steel support springs Achilles tendon comfort from full elastic back",,"Mueller","Black","Enabled","Taxable Goods",,"Yes","No","various","M",,,,,,,99,0,1,0,0,1,1,1,0,1,1,,0,1,1,0,0,1,0,1,0,0,0,1,"Mueller Soccer Ankle Brace, Black",0,"simple",,,,,,,,,,,,,,,,
"admin","base","Default","simple","22,10","209.S",0,"29.99","15.5",200,,"29.99","Mueller Soccer Ankle Brace, Black","Mueller Soccer Ankle Brace, Black","Mueller Soccer Ankle Brace, Black - Designed by a European soccer specialist for speed, flexibility, strength, and comfort.","209.jpg","209.jpg",,"soccer-ankle-brace-mueller-S","209.jpg","No",,,"Product Info Column","No layout updates"," ","Use config","Use config","Muscular","Soccer Ankle Brace Designed by a European soccer specialist for speed, flexibility, strength, and comfort. Leaves front of of foot free for movement while protecting against inversion/eversion sprains. Excellent for soccer, racquet sports, running, wrestling, gymnastics, and cheerleading. High front cut and narrow bottom allow full foot mobility High back cut allows better fit in soccer shoes Comfort Windows? single layer of fabric over ankle bones for more comfort Protects against sprains with flexible steel support springs Achilles tendon comfort from full elastic back",,"Soccer Ankle Brace Designed by a European soccer specialist for speed, flexibility, strength, and comfort. Leaves front of of foot free for movement while protecting against inversion/eversion sprains. Excellent for soccer, racquet sports, running, wrestling, gymnastics, and cheerleading. High front cut and narrow bottom allow full foot mobility High back cut allows better fit in soccer shoes Comfort Windows? single layer of fabric over ankle bones for more comfort Protects against sprains with flexible steel support springs Achilles tendon comfort from full elastic back",,"Mueller","Black","Enabled","Taxable Goods",,"Yes","No","various","S",,,,,,,99,0,1,0,0,1,1,1,0,1,1,,0,1,1,0,0,1,0,1,0,0,0,1,"Mueller Soccer Ankle Brace, Black",0,"simple",,,,,,,,,,,,,,,,
"admin","base","Default","simple","22,10","209.XL",0,"29.99","15.5",200,,"29.99","Mueller Soccer Ankle Brace, Black","Mueller Soccer Ankle Brace, Black","Mueller Soccer Ankle Brace, Black - Designed by a European soccer specialist for speed, flexibility, strength, and comfort.","209.jpg","209.jpg",,"soccer-ankle-brace-mueller-XL","209.jpg","No",,,"Product Info Column","No layout updates"," ","Use config","Use config","Muscular","Soccer Ankle Brace Designed by a European soccer specialist for speed, flexibility, strength, and comfort. Leaves front of of foot free for movement while protecting against inversion/eversion sprains. Excellent for soccer, racquet sports, running, wrestling, gymnastics, and cheerleading. High front cut and narrow bottom allow full foot mobility High back cut allows better fit in soccer shoes Comfort Windows? single layer of fabric over ankle bones for more comfort Protects against sprains with flexible steel support springs Achilles tendon comfort from full elastic back",,"Soccer Ankle Brace Designed by a European soccer specialist for speed, flexibility, strength, and comfort. Leaves front of of foot free for movement while protecting against inversion/eversion sprains. Excellent for soccer, racquet sports, running, wrestling, gymnastics, and cheerleading. High front cut and narrow bottom allow full foot mobility High back cut allows better fit in soccer shoes Comfort Windows? single layer of fabric over ankle bones for more comfort Protects against sprains with flexible steel support springs Achilles tendon comfort from full elastic back",,"Mueller","Black","Enabled","Taxable Goods",,"Yes","No","various","XL",,,,,,,99,0,1,0,0,1,1,1,0,1,1,,0,1,1,0,0,1,0,1,0,0,0,1,"Mueller Soccer Ankle Brace, Black",0,"simple",,,,,,,,,,,,,,,,
"admin","base","Default","simple","22,10","209.XS",0,"29.99","15.5",200,,"29.99","Mueller Soccer Ankle Brace, Black","Mueller Soccer Ankle Brace, Black","Mueller Soccer Ankle Brace, Black - Designed by a European soccer specialist for speed, flexibility, strength, and comfort.","209.jpg","209.jpg",,"soccer-ankle-brace-mueller-XS","209.jpg","No",,,"Product Info Column","No layout updates"," ","Use config","Use config","Muscular","Soccer Ankle Brace Designed by a European soccer specialist for speed, flexibility, strength, and comfort. Leaves front of of foot free for movement while protecting against inversion/eversion sprains. Excellent for soccer, racquet sports, running, wrestling, gymnastics, and cheerleading. High front cut and narrow bottom allow full foot mobility High back cut allows better fit in soccer shoes Comfort Windows? single layer of fabric over ankle bones for more comfort Protects against sprains with flexible steel support springs Achilles tendon comfort from full elastic back",,"Soccer Ankle Brace Designed by a European soccer specialist for speed, flexibility, strength, and comfort. Leaves front of of foot free for movement while protecting against inversion/eversion sprains. Excellent for soccer, racquet sports, running, wrestling, gymnastics, and cheerleading. High front cut and narrow bottom allow full foot mobility High back cut allows better fit in soccer shoes Comfort Windows? single layer of fabric over ankle bones for more comfort Protects against sprains with flexible steel support springs Achilles tendon comfort from full elastic back",,"Mueller","Black","Enabled","Taxable Goods",,"Yes","No","various","XS",,,,,,,99,0,1,0,0,1,1,1,0,1,1,,0,1,1,0,0,1,0,1,0,0,0,1,"Mueller Soccer Ankle Brace, Black",0,"simple",,,,,,,,,,,,,,,,
"admin","base","Default","simple","22,10","209.XXS",0,"29.99","15.5",200,,"29.99","Mueller Soccer Ankle Brace, Black","Mueller Soccer Ankle Brace, Black","Mueller Soccer Ankle Brace, Black - Designed by a European soccer specialist for speed, flexibility, strength, and comfort.","209.jpg","209.jpg",,"soccer-ankle-brace-mueller-XXS","209.jpg","No",,,"Product Info Column","No layout updates"," ","Use config","Use config","Muscular","Soccer Ankle Brace Designed by a European soccer specialist for speed, flexibility, strength, and comfort. Leaves front of of foot free for movement while protecting against inversion/eversion sprains. Excellent for soccer, racquet sports, running, wrestling, gymnastics, and cheerleading. High front cut and narrow bottom allow full foot mobility High back cut allows better fit in soccer shoes Comfort Windows? single layer of fabric over ankle bones for more comfort Protects against sprains with flexible steel support springs Achilles tendon comfort from full elastic back",,"Soccer Ankle Brace Designed by a European soccer specialist for speed, flexibility, strength, and comfort. Leaves front of of foot free for movement while protecting against inversion/eversion sprains. Excellent for soccer, racquet sports, running, wrestling, gymnastics, and cheerleading. High front cut and narrow bottom allow full foot mobility High back cut allows better fit in soccer shoes Comfort Windows? single layer of fabric over ankle bones for more comfort Protects against sprains with flexible steel support springs Achilles tendon comfort from full elastic back",,"Mueller","Black","Enabled","Taxable Goods",,"Yes","No","various","XXS",,,,,,,99,0,1,0,0,1,1,1,0,1,1,,0,1,1,0,0,1,0,1,0,0,0,1,"Mueller Soccer Ankle Brace, Black",0,"simple",,,,,,,,,,,,,,,,
"admin","base","Default","configurable","22,10",209,1,"29.99","15.5",200,,"29.99","Mueller Soccer Ankle Brace, Black","Mueller Soccer Ankle Brace, Black","Mueller Soccer Ankle Brace, Black - Designed by a European soccer specialist for speed, flexibility, strength, and comfort.","209.jpg","209.jpg",,"soccer-ankle-brace-mueller","209.jpg","No",,,"Product Info Column","No layout updates"," ","Use config","Use config","Muscular","Soccer Ankle Brace Designed by a European soccer specialist for speed, flexibility, strength, and comfort. Leaves front of of foot free for movement while protecting against inversion/eversion sprains. Excellent for soccer, racquet sports, running, wrestling, gymnastics, and cheerleading. High front cut and narrow bottom allow full foot mobility High back cut allows better fit in soccer shoes Comfort Windows? single layer of fabric over ankle bones for more comfort Protects against sprains with flexible steel support springs Achilles tendon comfort from full elastic back",,"Soccer Ankle Brace Designed by a European soccer specialist for speed, flexibility, strength, and comfort. Leaves front of of foot free for movement while protecting against inversion/eversion sprains. Excellent for soccer, racquet sports, running, wrestling, gymnastics, and cheerleading. High front cut and narrow bottom allow full foot mobility High back cut allows better fit in soccer shoes Comfort Windows? single layer of fabric over ankle bones for more comfort Protects against sprains with flexible steel support springs Achilles tendon comfort from full elastic back",,"Mueller","Black","Enabled","Taxable Goods","Catalogue, Search","Yes","No","various",,,,,,,,99,0,1,0,0,1,1,1,0,1,1,,0,1,1,0,0,1,0,1,0,0,0,1,"Mueller Soccer Ankle Brace, Black",0,"configurable",,,,,,,,,,,,,,,,
"admin","base","Default","simple","39,10","2313.L",0,"51.99","27.9",400,,"51.99","Mueller Patella Stabiliser Knee Brace","Mueller Patella Stabiliser Knee Brace","Patella Stabilizer Knee Brace with Universal Buttress This adjustable brace is ideal for the treatment and relief of Chondromalacia (irritated kneecap), patellar tendon strains, and arthritic knees where lateral firmness is needed. Supportive steel springs and kneecap buttress help protect the patella and knee joint during competition or injury recovery. Comfortable fit for all-day wear.","2313.jpg","2313.jpg",,"patella-stabiliser-knee-mueller-l","2313.jpg","No",,,"Product Info Column","No layout updates"," ","Use config","Use config","Muscular","Patella Stabilizer Knee Brace with Universal Buttress This adjustable brace is ideal for the treatment and relief of Chondromalacia (irritated kneecap), patellar tendon strains, and arthritic knees where lateral firmness is needed. Supportive steel springs and kneecap buttress help protect the patella and knee joint during competition or injury recovery. Comfortable fit for all-day wear.",,"Patella Stabilizer Knee Brace with Universal Buttress This adjustable brace is ideal for the treatment and relief of Chondromalacia (irritated kneecap), patellar tendon strains, and arthritic knees where lateral firmness is needed. Supportive steel springs and kneecap buttress help protect the patella and knee joint during competition or injury recovery. Comfortable fit for all-day wear.",,"Mueller","Black","Enabled","Taxable Goods",,"Yes","No","various","L",,,,,,,99,0,1,0,0,1,1,1,0,1,1,,0,1,1,0,0,1,0,1,0,0,0,1,"Mueller Patella Stabiliser Knee Brace",0,"simple",,,,,,,,,,,,,,,,
"admin","base","Default","simple","39,10","2313.M",0,"51.99","27.9",400,,"51.99","Mueller Patella Stabiliser Knee Brace","Mueller Patella Stabiliser Knee Brace","Patella Stabilizer Knee Brace with Universal Buttress This adjustable brace is ideal for the treatment and relief of Chondromalacia (irritated kneecap), patellar tendon strains, and arthritic knees where lateral firmness is needed. Supportive steel springs and kneecap buttress help protect the patella and knee joint during competition or injury recovery. Comfortable fit for all-day wear.","2313.jpg","2313.jpg",,"patella-stabiliser-knee-mueller-m","2313.jpg","No",,,"Product Info Column","No layout updates"," ","Use config","Use config","Muscular","Patella Stabilizer Knee Brace with Universal Buttress This adjustable brace is ideal for the treatment and relief of Chondromalacia (irritated kneecap), patellar tendon strains, and arthritic knees where lateral firmness is needed. Supportive steel springs and kneecap buttress help protect the patella and knee joint during competition or injury recovery. Comfortable fit for all-day wear.",,"Patella Stabilizer Knee Brace with Universal Buttress This adjustable brace is ideal for the treatment and relief of Chondromalacia (irritated kneecap), patellar tendon strains, and arthritic knees where lateral firmness is needed. Supportive steel springs and kneecap buttress help protect the patella and knee joint during competition or injury recovery. Comfortable fit for all-day wear.",,"Mueller","Black","Enabled","Taxable Goods",,"Yes","No","various","M",,,,,,,99,0,1,0,0,1,1,1,0,1,1,,0,1,1,0,0,1,0,1,0,0,0,1,"Mueller Patella Stabiliser Knee Brace",0,"simple",,,,,,,,,,,,,,,,
"admin","base","Default","simple","39,10","2313.S",0,"51.99","27.9",400,,"51.99","Mueller Patella Stabiliser Knee Brace","Mueller Patella Stabiliser Knee Brace","Patella Stabilizer Knee Brace with Universal Buttress This adjustable brace is ideal for the treatment and relief of Chondromalacia (irritated kneecap), patellar tendon strains, and arthritic knees where lateral firmness is needed. Supportive steel springs and kneecap buttress help protect the patella and knee joint during competition or injury recovery. Comfortable fit for all-day wear.","2313.jpg","2313.jpg",,"patella-stabiliser-knee-mueller-s","2313.jpg","No",,,"Product Info Column","No layout updates"," ","Use config","Use config","Muscular","Patella Stabilizer Knee Brace with Universal Buttress This adjustable brace is ideal for the treatment and relief of Chondromalacia (irritated kneecap), patellar tendon strains, and arthritic knees where lateral firmness is needed. Supportive steel springs and kneecap buttress help protect the patella and knee joint during competition or injury recovery. Comfortable fit for all-day wear.",,"Patella Stabilizer Knee Brace with Universal Buttress This adjustable brace is ideal for the treatment and relief of Chondromalacia (irritated kneecap), patellar tendon strains, and arthritic knees where lateral firmness is needed. Supportive steel springs and kneecap buttress help protect the patella and knee joint during competition or injury recovery. Comfortable fit for all-day wear.",,"Mueller","Black","Enabled","Taxable Goods",,"Yes","No","various","S",,,,,,,99,0,1,0,0,1,1,1,0,1,1,,0,1,1,0,0,1,0,1,0,0,0,1,"Mueller Patella Stabiliser Knee Brace",0,"simple",,,,,,,,,,,,,,,,
"admin","base","Default","simple","39,10","2313.XL",0,"51.99","27.9",400,,"51.99","Mueller Patella Stabiliser Knee Brace","Mueller Patella Stabiliser Knee Brace","Patella Stabilizer Knee Brace with Universal Buttress This adjustable brace is ideal for the treatment and relief of Chondromalacia (irritated kneecap), patellar tendon strains, and arthritic knees where lateral firmness is needed. Supportive steel springs and kneecap buttress help protect the patella and knee joint during competition or injury recovery. Comfortable fit for all-day wear.","2313.jpg","2313.jpg",,"patella-stabiliser-knee-mueller-xl","2313.jpg","No",,,"Product Info Column","No layout updates"," ","Use config","Use config","Muscular","Patella Stabilizer Knee Brace with Universal Buttress This adjustable brace is ideal for the treatment and relief of Chondromalacia (irritated kneecap), patellar tendon strains, and arthritic knees where lateral firmness is needed. Supportive steel springs and kneecap buttress help protect the patella and knee joint during competition or injury recovery. Comfortable fit for all-day wear.",,"Patella Stabilizer Knee Brace with Universal Buttress This adjustable brace is ideal for the treatment and relief of Chondromalacia (irritated kneecap), patellar tendon strains, and arthritic knees where lateral firmness is needed. Supportive steel springs and kneecap buttress help protect the patella and knee joint during competition or injury recovery. Comfortable fit for all-day wear.",,"Mueller","Black","Enabled","Taxable Goods",,"Yes","No","various","XL",,,,,,,99,0,1,0,0,1,1,1,0,1,1,,0,1,1,0,0,1,0,1,0,0,0,1,"Mueller Patella Stabiliser Knee Brace",0,"simple",,,,,,,,,,,,,,,,
"admin","base","Default","simple","39,10","2313.XXL",0,"51.99","27.9",400,,"51.99","Mueller Patella Stabiliser Knee Brace","Mueller Patella Stabiliser Knee Brace","Patella Stabilizer Knee Brace with Universal Buttress This adjustable brace is ideal for the treatment and relief of Chondromalacia (irritated kneecap), patellar tendon strains, and arthritic knees where lateral firmness is needed. Supportive steel springs and kneecap buttress help protect the patella and knee joint during competition or injury recovery. Comfortable fit for all-day wear.","2313.jpg","2313.jpg",,"patella-stabiliser-knee-mueller-xxl","2313.jpg","No",,,"Product Info Column","No layout updates"," ","Use config","Use config","Muscular","Patella Stabilizer Knee Brace with Universal Buttress This adjustable brace is ideal for the treatment and relief of Chondromalacia (irritated kneecap), patellar tendon strains, and arthritic knees where lateral firmness is needed. Supportive steel springs and kneecap buttress help protect the patella and knee joint during competition or injury recovery. Comfortable fit for all-day wear.",,"Patella Stabilizer Knee Brace with Universal Buttress This adjustable brace is ideal for the treatment and relief of Chondromalacia (irritated kneecap), patellar tendon strains, and arthritic knees where lateral firmness is needed. Supportive steel springs and kneecap buttress help protect the patella and knee joint during competition or injury recovery. Comfortable fit for all-day wear.",,"Mueller","Black","Enabled","Taxable Goods",,"Yes","No","various","XXL",,,,,,,99,0,1,0,0,1,1,1,0,1,1,,0,1,1,0,0,1,0,1,0,0,0,1,"Mueller Patella Stabiliser Knee Brace",0,"simple",,,,,,,,,,,,,,,,
"admin","base","Default","configurable","39,10",2313,1,"51.99","27.9",200,,"51.99","Mueller Patella Stabiliser Knee Brace","Mueller Patella Stabiliser Knee Brace","Mueller Patella Stabiliser Knee Brace - Firm comfortable support for minor sprains","2313.jpg","2313.jpg",,"patella-stabiliser-knee-mueller","2313.jpg","No",,,"Product Info Column","No layout updates"," ","Use config","Use config","Muscular","Patella Stabilizer Knee Brace with Universal Buttress This adjustable brace is ideal for the treatment and relief of Chondromalacia (irritated kneecap), patellar tendon strains, and arthritic knees where lateral firmness is needed. Supportive steel springs and kneecap buttress help protect the patella and knee joint during competition or injury recovery. Comfortable fit for all-day wear.",,"Patella Stabilizer Knee Brace with Universal Buttress This adjustable brace is ideal for the treatment and relief of Chondromalacia (irritated kneecap), patellar tendon strains, and arthritic knees where lateral firmness is needed. Supportive steel springs and kneecap buttress help protect the patella and knee joint during competition or injury recovery. Comfortable fit for all-day wear.",,"Mueller","Black","Enabled","Taxable Goods","Catalogue, Search","Yes","No","various",,,,,,,,99,0,1,0,0,1,1,1,0,1,1,,0,1,1,0,0,1,0,1,0,0,0,1,"Mueller Patella Stabiliser Knee Brace",0,"configurable",,,,,,,,,,,,,,,,
"admin","base","Default","simple","39,10","2333.L",0,"54.99","28.95",400,,"54.99","Mueller Hinged Knee Brace","Mueller Hinged Knee Brace","Mueller Hinged Knee Brace - Triaxial hinge  properly tracks the knee joint producing near-normal motion","2333.jpg","2333.jpg",,"hinged-knee-brace-mueller","2333.jpg","No",,,"Product Info Column","No layout updates"," ","Use config","Use config","Muscular","Triaxial hinge  properly tracks the knee joint producing near-normal motion. Opposing front and  back straps with fitted sleeve and slip on design for custom fit. Patella buttress stabilizes and helps protect the kneecap.",,"Triaxial hinge  properly tracks the knee joint producing near-normal motion. Opposing front and  back straps with fitted sleeve and slip on design for custom fit. Patella buttress stabilizes and helps protect the kneecap.",,"Mueller","Black","Enabled","Taxable Goods",,"Yes","No","various","L",,,,,,,99,0,1,0,0,1,1,1,0,1,1,,0,1,1,0,0,1,0,1,0,0,0,1,"Mueller Hinged Knee Brace",0,"simple",,,,,,,,,,,,,,,,
"admin","base","Default","simple","39,10","2333.M",0,"54.99","28.95",400,,"54.99","Mueller Hinged Knee Brace","Mueller Hinged Knee Brace","Mueller Hinged Knee Brace - Triaxial hinge  properly tracks the knee joint producing near-normal motion","2333.jpg","2333.jpg",,"hinged-knee-brace-mueller","2333.jpg","No",,,"Product Info Column","No layout updates"," ","Use config","Use config","Muscular","Triaxial hinge  properly tracks the knee joint producing near-normal motion. Opposing front and  back straps with fitted sleeve and slip on design for custom fit. Patella buttress stabilizes and helps protect the kneecap.",,"Triaxial hinge  properly tracks the knee joint producing near-normal motion. Opposing front and  back straps with fitted sleeve and slip on design for custom fit. Patella buttress stabilizes and helps protect the kneecap.",,"Mueller","Black","Enabled","Taxable Goods",,"Yes","No","various","M",,,,,,,99,0,1,0,0,1,1,1,0,1,1,,0,1,1,0,0,1,0,1,0,0,0,1,"Mueller Hinged Knee Brace",0,"simple",,,,,,,,,,,,,,,,
"admin","base","Default","simple","39,10","2333.S",0,"54.99","28.95",400,,"54.99","Mueller Hinged Knee Brace","Mueller Hinged Knee Brace","Mueller Hinged Knee Brace - Triaxial hinge  properly tracks the knee joint producing near-normal motion","2333.jpg","2333.jpg",,"hinged-knee-brace-mueller","2333.jpg","No",,,"Product Info Column","No layout updates"," ","Use config","Use config","Muscular","Triaxial hinge  properly tracks the knee joint producing near-normal motion. Opposing front and  back straps with fitted sleeve and slip on design for custom fit. Patella buttress stabilizes and helps protect the kneecap.",,"Triaxial hinge  properly tracks the knee joint producing near-normal motion. Opposing front and  back straps with fitted sleeve and slip on design for custom fit. Patella buttress stabilizes and helps protect the kneecap.",,"Mueller","Black","Enabled","Taxable Goods",,"Yes","No","various","S",,,,,,,99,0,1,0,0,1,1,1,0,1,1,,0,1,1,0,0,1,0,1,0,0,0,1,"Mueller Hinged Knee Brace",0,"simple",,,,,,,,,,,,,,,,
"admin","base","Default","simple","39,10","2333.XL",0,"54.99","28.95",400,,"54.99","Mueller Hinged Knee Brace","Mueller Hinged Knee Brace","Mueller Hinged Knee Brace - Triaxial hinge  properly tracks the knee joint producing near-normal motion","2333.jpg","2333.jpg",,"hinged-knee-brace-mueller","2333.jpg","No",,,"Product Info Column","No layout updates"," ","Use config","Use config","Muscular","Triaxial hinge  properly tracks the knee joint producing near-normal motion. Opposing front and  back straps with fitted sleeve and slip on design for custom fit. Patella buttress stabilizes and helps protect the kneecap.",,"Triaxial hinge  properly tracks the knee joint producing near-normal motion. Opposing front and  back straps with fitted sleeve and slip on design for custom fit. Patella buttress stabilizes and helps protect the kneecap.",,"Mueller","Black","Enabled","Taxable Goods",,"Yes","No","various","XL",,,,,,,99,0,1,0,0,1,1,1,0,1,1,,0,1,1,0,0,1,0,1,0,0,0,1,"Mueller Hinged Knee Brace",0,"simple",,,,,,,,,,,,,,,,
"admin","base","Default","simple","39,10","2333.XXL",0,"54.99","28.95",400,,"54.99","Mueller Hinged Knee Brace","Mueller Hinged Knee Brace","Mueller Hinged Knee Brace - Triaxial hinge  properly tracks the knee joint producing near-normal motion","2333.jpg","2333.jpg",,"hinged-knee-brace-mueller","2333.jpg","No",,,"Product Info Column","No layout updates"," ","Use config","Use config","Muscular","Triaxial hinge  properly tracks the knee joint producing near-normal motion. Opposing front and  back straps with fitted sleeve and slip on design for custom fit. Patella buttress stabilizes and helps protect the kneecap.",,"Triaxial hinge  properly tracks the knee joint producing near-normal motion. Opposing front and  back straps with fitted sleeve and slip on design for custom fit. Patella buttress stabilizes and helps protect the kneecap.",,"Mueller","Black","Enabled","Taxable Goods",,"Yes","No","various","XXL",,,,,,,99,0,1,0,0,1,1,1,0,1,1,,0,1,1,0,0,1,0,1,0,0,0,1,"Mueller Hinged Knee Brace",0,"simple",,,,,,,,,,,,,,,,
"admin","base","Default","configurable","39,10",2333,1,"54.99","28.95",400,,"54.99","Mueller Hinged Knee Brace","Mueller Hinged Knee Brace","Mueller Hinged Knee Brace - Triaxial hinge  properly tracks the knee joint producing near-normal motion","2333.jpg","2333.jpg",,"hinged-knee-brace-mueller","2333.jpg","No",,,"Product Info Column","No layout updates"," ","Use config","Use config","Muscular","Triaxial hinge  properly tracks the knee joint producing near-normal motion. Opposing front and  back straps with fitted sleeve and slip on design for custom fit. Patella buttress stabilizes and helps protect the kneecap.",,"Triaxial hinge  properly tracks the knee joint producing near-normal motion. Opposing front and  back straps with fitted sleeve and slip on design for custom fit. Patella buttress stabilizes and helps protect the kneecap.",,"Mueller","Black","Enabled","Taxable Goods","Catalogue, Search","Yes","No","various",,,,,,,,99,0,1,0,0,1,1,1,0,1,1,,0,1,1,0,0,1,0,1,0,0,0,1,"Mueller Hinged Knee Brace",0,"configurable",,,,,,,,,,,,,,,,
